{
  "typeId": "wlearn.ebm.classifier@1",
  "params": {
    "maxRounds": 100,
    "earlyStoppingRounds": 20,
    "maxInteractions": 0,
    "seed": 42
  },
  "metadata": {
    "classes": [
      0,
      1
    ],
    "featureNames": [
      "feature_0",
      "feature_1"
    ],
    "nClasses": 2,
    "termNames": [
      "feature_0",
      "feature_1",
      "feature_0 x feature_1"
    ]
  },
  "toc": [
    {
      "id": "model",
      "length": 2356,
      "sha256": "714e3c1141a5717e8e4af0aa7c04997a56b2c4bfbc14c812dcfc9dae4164fb02"
    }
  ],
  "X": [
    [
      -0.1651348427008534,
      0.16195555562710184
    ],
    [
      1.80697886578598,
      2.2325962169480493
    ],
    [
      -0.0462906380632383,
      -0.18841213497259288
    ],
    [
      2.0270549807590688,
      1.9277012153424793
    ],
    [
      0.10139817644441418,
      0.035441741014570816
    ],
    [
      1.8998090041101952,
      1.8185183778724254
    ],
    [
      0.03894296278662185,
      -0.22902358648321758
    ],
    [
      1.7507607361770983,
      1.750452567823442
    ],
    [
      -0.20347606318699013,
      0.2419555874038281
    ],
    [
      1.8598100126766646,
      1.9973334838856633
    ],
    [
      -0.2468589527983493,
      -0.16234113411621243
    ],
    [
      1.8597352395810818,
      2.035646616614259
    ],
    [
      -0.07963358346821442,
      0.14541349159340072
    ],
    [
      2.1278559914221318,
      2.2298970187454934
    ],
    [
      0.07082334524990214,
      -0.03542860540814166
    ],
    [
      1.9364846705861785,
      1.8822308863197597
    ],
    [
      0.10201687824540628,
      -0.11994344222822387
    ],
    [
      1.8777922310995834,
      1.8494399544314668
    ],
    [
      -0.22385906636428976,
      0.22360769169107436
    ],
    [
      1.8287129628372905,
      2.180473703160171
    ],
    [
      0.22648699487395912,
      0.0008412223546026554
    ],
    [
      1.9715133396543159,
      1.9775843770371677
    ],
    [
      -0.12892063724758135,
      0.11225959349528869
    ],
    [
      2.135649929235526,
      1.9342298182585416
    ],
    [
      0.12416197446834387,
      -0.05367012173108296
    ],
    [
      1.9765413658351365,
      1.7528591100139819
    ],
    [
      0.04616178003892385,
      0.1727577063360986
    ],
    [
      1.756879385796785,
      1.8957060343333083
    ],
    [
      -0.17724631467240226,
      -0.18591849922012468
    ],
    [
      2.246103925162975,
      1.8717153408200087
    ],
    [
      0.21365205569362827,
      -0.07628796940030902
    ],
    [
      2.0036672785662426,
      2.0127268295095893
    ],
    [
      -0.13824621885467608,
      -0.051457727701150674
    ],
    [
      2.0617123240659536,
      1.9420422446876962
    ],
    [
      0.10325790748617514,
      0.10425258677185167
    ],
    [
      1.7727898063709913,
      2.188499982672976
    ],
    [
      0.16938682548673212,
      -0.15856379312861887
    ],
    [
      1.838239685906209,
      2.1491826103996403
    ],
    [
      -0.07966597393605204,
      0.23067003930018753
    ],
    [
      1.7828615477927316,
      1.8538821982703555
    ],
    [
      0.0020634167604443587,
      -0.15534422402519
    ],
    [
      1.8914990754059977,
      2.2344484648129197
    ],
    [
      0.06658519982201289,
      -0.03444367776831783
    ],
    [
      1.8731635849099437,
      1.8521447321875695
    ],
    [
      -0.05366668584927298,
      0.19565253306443453
    ],
    [
      1.7683216233357422,
      1.7861366979946087
    ],
    [
      -0.0767305606634964,
      -0.20055473546989017
    ],
    [
      1.8649716286989728,
      2.136239015677124
    ],
    [
      -0.016661438283818525,
      -0.14467226196763677
    ],
    [
      2.1391346523953296,
      1.8430446889684744
    ],
    [
      0.19690110345692424,
      0.0449532146076454
    ],
    [
      1.9853841442313902,
      1.778562280362734
    ],
    [
      0.115766613681692,
      0.1584229839073601
    ],
    [
      1.7530398007962107,
      1.810485929278883
    ],
    [
      -0.17254597713358047,
      0.14341966500199382
    ],
    [
      1.8536504752019656,
      1.7932231845535447
    ],
    [
      0.05730345929381597,
      -0.22358918049074206
    ],
    [
      1.9553911493650595,
      2.1888056492613654
    ],
    [
      -0.040935373069222736,
      -0.21595212210246928
    ],
    [
      2.0299989696498955,
      1.7708074366770719
    ],
    [
      -0.015413251829060365,
      -0.007114623094496619
    ],
    [
      1.7678733442527583,
      2.114396441897562
    ],
    [
      -0.026764933148755193,
      -0.16445448944086882
    ],
    [
      2.126965104079323,
      1.8256434211859682
    ],
    [
      -0.14834108501595494,
      -0.20854700587622216
    ],
    [
      2.031079723863434,
      2.213213889143995
    ],
    [
      0.08453634187324732,
      0.09026523928170338
    ],
    [
      1.9832196090059446,
      1.855567823213324
    ],
    [
      -0.23307969536775708,
      -0.2438771580317417
    ],
    [
      2.1095904423201413,
      1.7667921856123918
    ],
    [
      -0.0011885763384348602,
      -0.17915461535060528
    ],
    [
      1.899896594067056,
      2.1141912538391496
    ],
    [
      -0.06741770278542195,
      -0.21580245204540083
    ],
    [
      2.1595505955207863,
      2.190759765189495
    ],
    [
      0.13387838186876772,
      0.14935053763880884
    ],
    [
      1.939421672695047,
      2.095663874571055
    ],
    [
      0.14662043279810827,
      0.11166382178741685
    ],
    [
      1.958748345593339,
      1.8258549236114392
    ],
    [
      -0.09726649166423199,
      0.22891218284094345
    ],
    [
      1.7868400870528258,
      2.231941023134599
    ],
    [
      -0.13277246355208216,
      0.15108307981914054
    ],
    [
      1.799193046311472,
      2.0414414463059236
    ],
    [
      0.05925444318412543,
      0.2378693248554456
    ],
    [
      2.173644833696841,
      1.9025488375465147
    ],
    [
      -0.16023315601527371,
      0.1419820708185351
    ],
    [
      1.9421933678408123,
      2.1515242310247964
    ],
    [
      0.10640329860914655,
      0.18640911273491062
    ],
    [
      1.8641047871737297,
      1.7568498821960994
    ],
    [
      -0.21377487409104354,
      0.1137435004877595
    ],
    [
      2.135935421514295,
      2.143264914114617
    ],
    [
      -0.23307021543526565,
      0.035707465040361264
    ],
    [
      2.2040928271385343,
      1.8488087719766464
    ],
    [
      0.1571658132165511,
      0.16099665659060547
    ],
    [
      2.1955608851022834,
      2.2179974953029293
    ],
    [
      0.01657433424451127,
      0.12956969504224586
    ],
    [
      2.232413961078233,
      2.0842577974937195
    ],
    [
      -0.05381787861875159,
      0.031508033760594245
    ],
    [
      2.1457451278789645,
      2.144743962397214
    ],
    [
      0.17977122772940024,
      -0.06142886486436652
    ],
    [
      1.854633450789672,
      1.9806625499532848
    ]
  ],
  "y": [
    0,
    1,
    0,
    1,
    0,
    1,
    0,
    1,
    0,
    1,
    0,
    1,
    0,
    1,
    0,
    1,
    0,
    1,
    0,
    1,
    0,
    1,
    0,
    1,
    0,
    1,
    0,
    1,
    0,
    1,
    0,
    1,
    0,
    1,
    0,
    1,
    0,
    1,
    0,
    1,
    0,
    1,
    0,
    1,
    0,
    1,
    0,
    1,
    0,
    1,
    0,
    1,
    0,
    1,
    0,
    1,
    0,
    1,
    0,
    1,
    0,
    1,
    0,
    1,
    0,
    1,
    0,
    1,
    0,
    1,
    0,
    1,
    0,
    1,
    0,
    1,
    0,
    1,
    0,
    1,
    0,
    1,
    0,
    1,
    0,
    1,
    0,
    1,
    0,
    1,
    0,
    1,
    0,
    1,
    0,
    1,
    0,
    1,
    0,
    1
  ],