{
  "typeId": "wlearn.libsvm.classifier@1",
  "params": {
    "svmType": 0,
    "kernel": 2,
    "C": 10,
    "gamma": 0.5
  },
  "metadata": {},
  "toc": [
    {
      "id": "model",
      "length": 301,
      "sha256": "95483ca10f4dca03f148d7b5eb699b335733e054f11e7cbc5998d3993fa59c33"
    }
  ],
  "X": [
    [
      0.0635784584160794,
      0.16931994139185175
    ],
    [
      2.0111882280377618,
      1.8211400797921886
    ],
    [
      -0.0726710755017917,
      -0.08601909542270894
    ],
    [
      1.8011323858756256,
      2.1206279659506997
    ],
    [
      0.0008047855230070566,
      -0.17850374380522582
    ],
    [
      1.7918551622619179,
      1.9499995495192706
    ],
    [
      0.2360765160927905,
      -0.0013594351482388856
    ],
    [
      1.9220851281062166,
      1.9837955889449435
    ],
    [
      0.08857533886962354,
      0.10173750172915752
    ],
    [
      1.8508610653695003,
      1.7508239625025652
    ],
    [
      -0.007748083331504868,
      -0.14252717089491299
    ],
    [
      2.1968508152975006,
      1.8390546888527715
    ],
    [
      0.2419616058431387,
      -0.12234729848445733
    ],
    [
      2.0989591874410207,
      1.7772727580868046
    ],
    [
      0.17370127231055,
      -0.15396772180868673
    ],
    [
      2.1138499336614505,
      1.7966137770780426
    ],
    [
      -0.21667732878899076,
      -0.09466035051488333
    ],
    [
      2.2160067823557217,
      1.925107426091613
    ],
    [
      0.17434738852286125,
      -0.1773799252358172
    ],
    [
      1.9159585361676097,
      2.1183537283764937
    ],
    [
      -0.024491656699446807,
      -0.23897446644910353
    ],
    [
      1.7622932328434164,
      1.879457132019781
    ],
    [
      0.11864285630576443,
      0.23617458878372544
    ],
    [
      2.2430863673766543,
      2.071343405321866
    ],
    [
      0.1175622771808702,
      0.0852075616527384
    ],
    [
      1.8523681762639286,
      1.87458434241106
    ],
    [
      0.2385231768658958,
      0.026662021538550962
    ],
    [
      1.8372549873717385,
      2.093855284314535
    ],
    [
      0.20292510090066357,
      0.13929358561956023
    ],
    [
      1.891369628087324,
      1.766150449410151
    ],
    [
      -0.18714011387766344,
      -0.16203296785803184
    ],
    [
      1.810175898745738,
      1.773881079640184
    ],
    [
      0.14013754012535212,
      0.17474272727255835
    ],
    [
      1.8738521079643873,
      1.9159813961787062
    ],
    [
      0.16941368110450622,
      0.043283361612485416
    ],
    [
      1.9733286698923114,
      2.1401473695366398
    ],
    [
      0.03604354326894671,
      0.11470600281129872
    ],
    [
      2.2451147646620475,
      1.8893333012886966
    ],
    [
      0.24928754288670024,
      0.08300445756549224
    ],
    [
      2.23053906065437,
      1.7656312193794321
    ],
    [
      0.04149340642220034,
      0.04816694804381905
    ],
    [
      1.8250295000965844,
      1.9646580844254504
    ],
    [
      0.2338798632770217,
      0.11511409998178207
    ],
    [
      2.0330571470703265,
      2.183575809203822
    ],
    [
      -0.24045310192296893,
      0.03658224329658888
    ],
    [
      1.7943690961899093,
      1.9558690908392282
    ],
    [
      0.23433756920711024,
      -0.021922974275389195
    ],
    [
      1.8971354470807757,
      2.116006056017245
    ],
    [
      0.2161763850442024,
      0.23302233846998882
    ],
    [
      2.243635338262485,
      1.847106716640809
    ]
  ],
  "y": [
    0,
    1,
    0,
    1,
    0,
    1,
    0,
    1,
    0,
    1,
    0,
    1,
    0,
    1,
    0,
    1,
    0,
    1,
    0,
    1,
    0,
    1,
    0,
    1,
    0,
    1,
    0,
    1,
    0,
    1,
    0,
    1,
    0,
    1,
    0,
    1,
    0,
    1,
    0,
    1,
    0,
    1,
    0,
    1,
    0,
    1,
    0,
    1,
    0,
    1
  ],
  "predictions": [
    0,
    1,
    0,
    1,
    0,
    1,
    0,
    1,
    0,
    1,
    0,
    1,
    0,
    1,
    0,
    1,
    0,
    1,
    0,
    1,
    0,
    1,
    0,
    1,
    0,
    1,
    0,
    1,
    0,
    1,
    0,
    1,
    0,
    1,
    0,
    1,
    0,
    1,
    0,
    1,
    0,
    1,
    0,
    1,
    0,
    1,
    0,
    1,
    0,
    1
  ]
}