{
  "typeId": "wlearn.nn.mlp.regressor@1",
  "X": [
    [
      -1,
      -1
    ],
    [
      -0.5333333333333333,
      -0.13333333333333333
    ],
    [
      -0.06666666666666667,
      0.7333333333333333
    ],
    [
      0.4,
      -0.4666666666666667
    ],
    [
      0.8666666666666667,
      0.4
    ],
    [
      -0.7333333333333333,
      -0.8
    ],
    [
      -0.26666666666666666,
      0.06666666666666667
    ],
    [
      0.2,
      0.9333333333333333
    ],
    [
      0.6666666666666666,
      -0.26666666666666666
    ],
    [
      -0.9333333333333333,
      0.6
    ],
    [
      -0.4666666666666667,
      -0.6
    ],
    [
      0,
      0.26666666666666666
    ],
    [
      0.4666666666666667,
      -0.9333333333333333
    ],
    [
      0.9333333333333333,
      -0.06666666666666667
    ],
    [
      -0.6666666666666666,
      0.8
    ],
    [
      -0.2,
      -0.4
    ],
    [
      0.26666666666666666,
      0.4666666666666667
    ],
    [
      0.7333333333333333,
      -0.7333333333333333
    ],
    [
      -0.8666666666666667,
      0.13333333333333333
    ],
    [
      -0.4,
      1
    ],
    [
      0.06666666666666667,
      -0.2
    ],
    [
      0.5333333333333333,
      0.6666666666666666
    ],
    [
      1,
      -0.5333333333333333
    ],
    [
      -0.6,
      0.3333333333333333
    ],
    [
      -0.13333333333333333,
      -0.8666666666666667
    ],
    [
      0.3333333333333333,
      0
    ],
    [
      0.8,
      0.8666666666666667
    ],
    [
      -0.8,
      -0.3333333333333333
    ],
    [
      -0.3333333333333333,
      0.5333333333333333
    ],
    [
      0.13333333333333333,
      -0.6666666666666666
    ]
  ],
  "predictions": [
    -4.668537616729736,
    -0.9440832138061523,
    2.63675856590271,
    -0.03630423545837402,
    2.789562702178955,
    -3.4747252464294434,
    0.24972963333129883,
    2.789562702178955,
    1.1575084924697876,
    0.5357635021209717,
    -2.280912399291992,
    1.443542242050171,
    -1.373133659362793,
    2.192873477935791,
    1.7295758724212646,
    -1.087099552154541,
    2.637354850769043,
    -0.1793208122253418,
    -0.8010659217834473,
    2.533008098602295,
    0.10671281814575195,
    2.789562702178955,
    1.014491319656372,
    0.3927464485168457,
    -2.4239296913146973,
    1.3005253076553345,
    2.789562702178955,
    -2.1378955841064453,
    1.5865591764450073,
    -1.230116844177246
  ],
  "score": 0.9592048388206251
}