{
  "typeId": "wlearn.nn.mlp.classifier@1",
  "X": [
    [
      -1,
      -1
    ],
    [
      -0.5333333333333333,
      -0.13333333333333333
    ],
    [
      -0.06666666666666667,
      0.7333333333333333
    ],
    [
      0.4,
      -0.4666666666666667
    ],
    [
      0.8666666666666667,
      0.4
    ],
    [
      -0.7333333333333333,
      -0.8
    ],
    [
      -0.26666666666666666,
      0.06666666666666667
    ],
    [
      0.2,
      0.9333333333333333
    ],
    [
      0.6666666666666666,
      -0.26666666666666666
    ],
    [
      -0.9333333333333333,
      0.6
    ],
    [
      -0.4666666666666667,
      -0.6
    ],
    [
      0,
      0.26666666666666666
    ],
    [
      0.4666666666666667,
      -0.9333333333333333
    ],
    [
      0.9333333333333333,
      -0.06666666666666667
    ],
    [
      -0.6666666666666666,
      0.8
    ],
    [
      -0.2,
      -0.4
    ],
    [
      0.26666666666666666,
      0.4666666666666667
    ],
    [
      0.7333333333333333,
      -0.7333333333333333
    ],
    [
      -0.8666666666666667,
      0.13333333333333333
    ],
    [
      -0.4,
      1
    ],
    [
      0.06666666666666667,
      -0.2
    ],
    [
      0.5333333333333333,
      0.6666666666666666
    ],
    [
      1,
      -0.5333333333333333
    ],
    [
      -0.6,
      0.3333333333333333
    ],
    [
      -0.13333333333333333,
      -0.8666666666666667
    ],
    [
      0.3333333333333333,
      0
    ],
    [
      0.8,
      0.8666666666666667
    ],
    [
      -0.8,
      -0.3333333333333333
    ],
    [
      -0.3333333333333333,
      0.5333333333333333
    ],
    [
      0.13333333333333333,
      -0.6666666666666666
    ]
  ],
  "predictions": [
    0,
    0,
    1,
    0,
    1,
    0,
    0,
    1,
    1,
    0,
    0,
    1,
    0,
    1,
    1,
    0,
    1,
    0,
    0,
    1,
    0,
    1,
    1,
    0,
    0,
    1,
    1,
    0,
    1,
    0
  ],
  "probabilities": [
    0.9930676810466862,
    0.006932318953313708,
    0.8782850402244455,
    0.12171495977555459,
    0.10479372233694066,
    0.8952062776630594,
    0.7468046644188817,
    0.25319533558111823,
    0.07794952272670676,
    0.9220504772732933,
    0.9822079266973714,
    0.01779207330262844,
    0.6568467380910734,
    0.3431532619089266,
    0.05177985013282434,
    0.9482201498671756,
    0.37152542410290723,
    0.6284745758970928,
    0.5300735139197882,
    0.4699264860802118,
    0.9551050215897042,
    0.04489497841029571,
    0.2575845118207468,
    0.7424154881792532,
    0.9279853106885042,
    0.07201468931149584,
    0.19252189616712906,
    0.8074781038328709,
    0.17011685905951474,
    0.8298831409404853,
    0.8912856357132007,
    0.10871436428679922,
    0.12534093701734025,
    0.8746590629826597,
    0.7931583010939438,
    0.20684169890605617,
    0.8632728024778332,
    0.1367271975221668,
    0.08727867126084095,
    0.912721328739159,
    0.6940699087374147,
    0.3059300912625853,
    0.06266006236969063,
    0.9373399376303094,
    0.43456451696767445,
    0.5654354830323255,
    0.5950439323622003,
    0.4049560676377997,
    0.9638618132792661,
    0.03613818672073398,
    0.31257579471402486,
    0.6874242052859751,
    0.030241071987133484,
    0.9697589280128666,
    0.9489038755655953,
    0.05109612443440471,
    0.21032322559112238,
    0.7896767744088776,
    0.9113348417057962,
    0.08866515829420375
  ],
  "score": 1,
  "nrClass": 2,
  "classes": [
    0,
    1
  ]
}